{
  "analysis": "Cubic residues modulo 23",
  "note": "For p = 23 (p \u2261 2 mod 3), every number is a cubic residue mod 23",
  "cubic_residues_mod23": [
    0,
    1,
    2,
    3,
    4,
    5,
    6,
    7,
    8,
    9,
    10,
    11,
    12,
    13,
    14,
    15,
    16,
    17,
    18,
    19,
    20,
    21,
    22
  ],
  "constants_analyzed": 11,
  "constants": {
    "PHI": {
      "const_value": 1.618033988749895,
      "const_mod23": 1.618033988749895,
      "is_cubic_residue_mod23": false,
      "const_cubed_mod23": 4.23606797749979,
      "v2": 1,
      "v3": 0,
      "approx_value": 2,
      "approx_mod23": 2,
      "approx_is_cubic_residue_mod23": true,
      "cubic_residues_mod23": [
        0,
        1,
        8,
        4,
        18,
        10,
        9,
        21,
        6,
        16,
        11,
        20,
        3,
        12,
        7,
        17,
        2,
        14,
        13,
        5,
        19,
        15,
        22
      ]
    },
    "E": {
      "const_value": 2.718281828459045,
      "const_mod23": 2.718281828459045,
      "is_cubic_residue_mod23": false,
      "const_cubed_mod23": 20.085536923187664,
      "v2": 1,
      "v3": 1,
      "approx_value": 6,
      "approx_mod23": 6,
      "approx_is_cubic_residue_mod23": true,
      "cubic_residues_mod23": [
        0,
        1,
        8,
        4,
        18,
        10,
        9,
        21,
        6,
        16,
        11,
        20,
        3,
        12,
        7,
        17,
        2,
        14,
        13,
        5,
        19,
        15,
        22
      ]
    },
    "PI": {
      "const_value": 3.141592653589793,
      "const_mod23": 3.141592653589793,
      "is_cubic_residue_mod23": false,
      "const_cubed_mod23": 8.006276680299816,
      "v2": 2,
      "v3": 1,
      "approx_value": 12,
      "approx_mod23": 12,
      "approx_is_cubic_residue_mod23": true,
      "cubic_residues_mod23": [
        0,
        1,
        8,
        4,
        18,
        10,
        9,
        21,
        6,
        16,
        11,
        20,
        3,
        12,
        7,
        17,
        2,
        14,
        13,
        5,
        19,
        15,
        22
      ]
    },
    "TAU": {
      "const_value": 6.283185307179586,
      "const_mod23": 6.283185307179586,
      "is_cubic_residue_mod23": false,
      "const_cubed_mod23": 18.05021344239853,
      "v2": 3,
      "v3": 2,
      "approx_value": 72,
      "approx_mod23": 3,
      "approx_is_cubic_residue_mod23": true,
      "cubic_residues_mod23": [
        0,
        1,
        8,
        4,
        18,
        10,
        9,
        21,
        6,
        16,
        11,
        20,
        3,
        12,
        7,
        17,
        2,
        14,
        13,
        5,
        19,
        15,
        22
      ]
    },
    "SQRT2": {
      "const_value": 1.4142135623730951,
      "const_mod23": 1.4142135623730951,
      "is_cubic_residue_mod23": false,
      "const_cubed_mod23": 2.8284271247461907,
      "v2": 1,
      "v3": 0,
      "approx_value": 2,
      "approx_mod23": 2,
      "approx_is_cubic_residue_mod23": true,
      "cubic_residues_mod23": [
        0,
        1,
        8,
        4,
        18,
        10,
        9,
        21,
        6,
        16,
        11,
        20,
        3,
        12,
        7,
        17,
        2,
        14,
        13,
        5,
        19,
        15,
        22
      ]
    },
    "SQRT3": {
      "const_value": 1.7320508075688772,
      "const_mod23": 1.7320508075688772,
      "is_cubic_residue_mod23": false,
      "const_cubed_mod23": 5.196152422706631,
      "v2": 1,
      "v3": 0,
      "approx_value": 2,
      "approx_mod23": 2,
      "approx_is_cubic_residue_mod23": true,
      "cubic_residues_mod23": [
        0,
        1,
        8,
        4,
        18,
        10,
        9,
        21,
        6,
        16,
        11,
        20,
        3,
        12,
        7,
        17,
        2,
        14,
        13,
        5,
        19,
        15,
        22
      ]
    },
    "SQRT5": {
      "const_value": 2.23606797749979,
      "const_mod23": 2.23606797749979,
      "is_cubic_residue_mod23": false,
      "const_cubed_mod23": 11.18033988749895,
      "v2": 1,
      "v3": 1,
      "approx_value": 6,
      "approx_mod23": 6,
      "approx_is_cubic_residue_mod23": true,
      "cubic_residues_mod23": [
        0,
        1,
        8,
        4,
        18,
        10,
        9,
        21,
        6,
        16,
        11,
        20,
        3,
        12,
        7,
        17,
        2,
        14,
        13,
        5,
        19,
        15,
        22
      ]
    },
    "GAMMA": {
      "const_value": 0.5772156649015329,
      "const_mod23": 0.5772156649015329,
      "is_cubic_residue_mod23": false,
      "const_cubed_mod23": 0.19231551682118458,
      "v2": -1,
      "v3": -1,
      "approx_value": 0.16666666666666666,
      "approx_mod23": 0.16666666666666666,
      "approx_is_cubic_residue_mod23": false,
      "cubic_residues_mod23": [
        0,
        1,
        8,
        4,
        18,
        10,
        9,
        21,
        6,
        16,
        11,
        20,
        3,
        12,
        7,
        17,
        2,
        14,
        13,
        5,
        19,
        15,
        22
      ]
    },
    "LOG2": {
      "const_value": 0.6931471805599453,
      "const_mod23": 0.6931471805599453,
      "is_cubic_residue_mod23": false,
      "const_cubed_mod23": 0.33302465198892944,
      "v2": -1,
      "v3": 0,
      "approx_value": 0.5,
      "approx_mod23": 0.5,
      "approx_is_cubic_residue_mod23": false,
      "cubic_residues_mod23": [
        0,
        1,
        8,
        4,
        18,
        10,
        9,
        21,
        6,
        16,
        11,
        20,
        3,
        12,
        7,
        17,
        2,
        14,
        13,
        5,
        19,
        15,
        22
      ]
    },
    "LOG3": {
      "const_value": 1.0986122886681098,
      "const_mod23": 1.0986122886681098,
      "is_cubic_residue_mod23": false,
      "const_cubed_mod23": 1.3259689601439077,
      "v2": 0,
      "v3": 0,
      "approx_value": 1,
      "approx_mod23": 1,
      "approx_is_cubic_residue_mod23": true,
      "cubic_residues_mod23": [
        0,
        1,
        8,
        4,
        18,
        10,
        9,
        21,
        6,
        16,
        11,
        20,
        3,
        12,
        7,
        17,
        2,
        14,
        13,
        5,
        19,
        15,
        22
      ]
    },
    "LOG_PHI": {
      "const_value": 0.48121182505960347,
      "const_mod23": 0.48121182505960347,
      "is_cubic_residue_mod23": false,
      "const_cubed_mod23": 0.11143172992955135,
      "v2": -1,
      "v3": -1,
      "approx_value": 0.16666666666666666,
      "approx_mod23": 0.16666666666666666,
      "approx_is_cubic_residue_mod23": false,
      "cubic_residues_mod23": [
        0,
        1,
        8,
        4,
        18,
        10,
        9,
        21,
        6,
        16,
        11,
        20,
        3,
        12,
        7,
        17,
        2,
        14,
        13,
        5,
        19,
        15,
        22
      ]
    }
  },
  "relationship_to_encoding": {
    "our_method": "Check solvability mod 2 and mod 3 for 2^v2 * 3^v3 = constant",
    "cubic_residues": "Check if numbers are cubic residues mod 23",
    "difference": "Different techniques - cubic residues check x^3 \u2261 a (mod 23), our method checks 2^v2 * 3^v3 \u2261 constant (mod 2, mod 3)"
  }
}