{
  "analysis": "Diophantine equations solvable with mod 2 and mod 3",
  "constants_analyzed": 11,
  "constants": {
    "PHI": {
      "const_value": 1.618033988749895,
      "v2": 1,
      "v3": 0,
      "approx_value": 2,
      "error": 0.3819660112501051,
      "relative_error": 0.23606797749978967,
      "v2_mod2": 1,
      "v3_mod2": 0,
      "v2_mod3": 1,
      "v3_mod3": 0,
      "bit_v3_mod2": 0
    },
    "E": {
      "const_value": 2.718281828459045,
      "v2": 1,
      "v3": 1,
      "approx_value": 6,
      "error": 3.281718171540955,
      "relative_error": 1.207276647028654,
      "v2_mod2": 1,
      "v3_mod2": 1,
      "v2_mod3": 1,
      "v3_mod3": 1,
      "bit_v3_mod2": 1
    },
    "PI": {
      "const_value": 3.141592653589793,
      "v2": 2,
      "v3": 1,
      "approx_value": 12,
      "error": 8.858407346410207,
      "relative_error": 2.819718634205488,
      "v2_mod2": 0,
      "v3_mod2": 1,
      "v2_mod3": 2,
      "v3_mod3": 1,
      "bit_v3_mod2": 1
    },
    "TAU": {
      "const_value": 6.283185307179586,
      "v2": 3,
      "v3": 2,
      "approx_value": 72,
      "error": 65.7168146928204,
      "relative_error": 10.459155902616464,
      "v2_mod2": 1,
      "v3_mod2": 0,
      "v2_mod3": 0,
      "v3_mod3": 2,
      "bit_v3_mod2": 0
    },
    "SQRT2": {
      "const_value": 1.4142135623730951,
      "v2": 1,
      "v3": 0,
      "approx_value": 2,
      "error": 0.5857864376269049,
      "relative_error": 0.414213562373095,
      "v2_mod2": 1,
      "v3_mod2": 0,
      "v2_mod3": 1,
      "v3_mod3": 0,
      "bit_v3_mod2": 0
    },
    "SQRT3": {
      "const_value": 1.7320508075688772,
      "v2": 1,
      "v3": 0,
      "approx_value": 2,
      "error": 0.2679491924311228,
      "relative_error": 0.1547005383792516,
      "v2_mod2": 1,
      "v3_mod2": 0,
      "v2_mod3": 1,
      "v3_mod3": 0,
      "bit_v3_mod2": 0
    },
    "SQRT5": {
      "const_value": 2.23606797749979,
      "v2": 1,
      "v3": 1,
      "approx_value": 6,
      "error": 3.76393202250021,
      "relative_error": 1.6832815729997475,
      "v2_mod2": 1,
      "v3_mod2": 1,
      "v2_mod3": 1,
      "v3_mod3": 1,
      "bit_v3_mod2": 1
    },
    "GAMMA": {
      "const_value": 0.5772156649015329,
      "v2": -1,
      "v3": -1,
      "approx_value": 0.16666666666666666,
      "error": 0.41054899823486624,
      "relative_error": 0.7112575475665611,
      "v2_mod2": 1,
      "v3_mod2": 1,
      "v2_mod3": 2,
      "v3_mod3": 2,
      "bit_v3_mod2": 1
    },
    "LOG2": {
      "const_value": 0.6931471805599453,
      "v2": -1,
      "v3": 0,
      "approx_value": 0.5,
      "error": 0.1931471805599453,
      "relative_error": 0.27865247955551825,
      "v2_mod2": 1,
      "v3_mod2": 0,
      "v2_mod3": 2,
      "v3_mod3": 0,
      "bit_v3_mod2": 0
    },
    "LOG3": {
      "const_value": 1.0986122886681098,
      "v2": 0,
      "v3": 0,
      "approx_value": 1,
      "error": 0.09861228866810978,
      "relative_error": 0.08976077337316268,
      "v2_mod2": 0,
      "v3_mod2": 0,
      "v2_mod3": 0,
      "v3_mod3": 0,
      "bit_v3_mod2": 0
    },
    "LOG_PHI": {
      "const_value": 0.48121182505960347,
      "v2": -1,
      "v3": -1,
      "approx_value": 0.16666666666666666,
      "error": 0.31454515839293684,
      "relative_error": 0.6536521797941621,
      "v2_mod2": 1,
      "v3_mod2": 1,
      "v2_mod3": 2,
      "v3_mod3": 2,
      "bit_v3_mod2": 1
    }
  },
  "patterns": {
    "v2_mod2_distribution": {
      "1": 9,
      "0": 2
    },
    "v3_mod2_distribution": {
      "0": 6,
      "1": 5
    },
    "v2_mod3_distribution": {
      "1": 5,
      "2": 4,
      "0": 2
    },
    "v3_mod3_distribution": {
      "0": 5,
      "1": 3,
      "2": 3
    },
    "encoding_bits_distribution": {
      "0": 6,
      "1": 5
    }
  },
  "solvability": {
    "good_approximations": 1,
    "total_constants": 11,
    "percentage": 9.090909090909092
  },
  "mathematical_validity": {
    "encoding_formula": "bit = round(log\u2083(constant)) mod 2",
    "equivalent_to": "bit = v3 mod 2, where 2^v2 * 3^v3 \u2248 constant",
    "is_valid": true,
    "explanation": "Uses standard logarithmic and modular arithmetic operations"
  }
}