{
  "analysis_date": "2025-11-09T20:50:58.985044",
  "assumption": "No gravitational interactions (unperturbed trajectory)",
  "incoming_asymptote": {
    "ra_deg": 295.2130695156395,
    "dec_deg": -19.044544002254423,
    "true_anomaly_inf_deg": 99.10331845389997,
    "true_anomaly_incoming_deg": -99.10331845389997,
    "direction_vector": {
      "x": 0.40266942782720483,
      "y": -0.8552096778310891,
      "z": -0.3263031394843703
    }
  },
  "hd286941": {
    "ra_deg": 69.823071,
    "dec_deg": 11.265073,
    "name": "HD 286941",
    "type": "G5 emission star"
  },
  "angular_separation_deg": 135.62611644124988,
  "angular_separation_arcmin": 8137.5669864749925,
  "interpretation": {
    "very_close": false,
    "close": false,
    "somewhat_close": false,
    "not_close": true
  }
}